view,kind,delta,rot_deg,trans_frac,N,eps,K,radius,valid_frac,iou_mean,iou_p10,iou_p50,cap_bind_frac,psnr_oracle,lpips_oracle,psnr_oracle_valid,fallback_frac_tau0.01,fallback_frac_tau0.05,inversion_frac,inv_depth_gap_p50,psnr_stale_order,union_frac,quad_share,psnr_stale_sh,mean_candidates_per_pixel
0,rot_yaw,0.1,0.0998277,0,2627583,0.005,32,1,0.98849,0.894351,0.769231,0.909091,0.638333,35.2763,0.0108662,38.5998,0.289785,0.0176515,0.00050527,1.71661e-05,35.1187,0.243752,0.342135,35.2763,29.6703
0,rot_yaw,0.25,0.249931,0,2627583,0.005,32,1,0.984957,0.856408,0.703704,0.875,0.638666,31.0823,0.017914,37.9406,0.296149,0.0274424,0.00131929,4.91142e-05,30.9737,0.24313,0.342434,31.0823,29.6712
0,rot_yaw,0.5,0.499966,0,2627583,0.005,32,1,0.980057,0.84142,0.68,0.857143,0.6389,28.162,0.0254156,37.2638,0.302934,0.0372692,0.00263758,0.00010252,28.0941,0.242283,0.342435,28.162,29.6706
0,rot_yaw,1,0.999983,0,2627583,0.005,32,1,0.970163,0.849079,0.692308,0.866667,0.639309,25.4709,0.0337795,37.2024,0.310587,0.0461569,0.00516158,0.000191092,25.4329,0.240418,0.342519,25.4709,29.6784
0,rot_yaw,2,1.99999,0,2627583,0.005,32,1,0.950361,0.835495,0.666667,0.851852,0.642152,22.7688,0.0530316,36.6145,0.327867,0.0702978,0.00998102,0.000362396,22.7421,0.236788,0.342986,22.7688,29.7072
0,rot_yaw,4,4,0,2627583,0.005,32,1,0.91214,0.825393,0.666667,0.842105,0.646898,19.9675,0.0905054,36.3396,0.36024,0.110617,0.0188423,0.000661135,19.948,0.229434,0.343756,19.9675,29.7617
0,rot_pitch,0.1,0.0998277,0,2627583,0.005,32,1,0.98756,0.872337,0.733333,0.888889,0.639247,30.0693,0.00955827,40.1345,0.256834,0.0149466,0.000374094,1.45435e-05,30.0135,0.243786,0.342042,30.0693,29.6763
0,rot_pitch,0.25,0.249931,0,2627583,0.005,32,1,0.983574,0.843565,0.692308,0.857143,0.640199,25.9903,0.0217102,36.6007,0.322198,0.037874,0.000958253,3.62396e-05,25.9561,0.243477,0.342387,25.9903,29.6789
0,rot_pitch,0.5,0.499966,0,2627583,0.005,32,1,0.977241,0.82171,0.647059,0.84,0.64197,23.0629,0.0327113,34.0954,0.321001,0.0568464,0.00195337,7.86781e-05,23.0384,0.242936,0.34231,23.0629,29.6854
0,rot_pitch,1,0.999983,0,2627583,0.005,32,1,0.964635,0.852358,0.7,0.869565,0.644825,20.4552,0.0366913,38.0805,0.305713,0.0458219,0.00371805,0.000147343,20.444,0.24185,0.342824,20.4552,29.6932
0,rot_pitch,2,1.99999,0,2627583,0.005,32,1,0.940477,0.83352,0.666667,0.85,0.650053,17.677,0.0574401,38.0342,0.32217,0.0692138,0.00753027,0.000300169,17.669,0.239575,0.344099,17.677,29.6968
0,rot_pitch,4,4,0,2627583,0.005,32,1,0.89189,0.819356,0.653846,0.833333,0.661298,15.0103,0.106772,35.0693,0.374233,0.12032,0.0149372,0.000583649,15.0043,0.234438,0.345423,15.0103,29.7017
0,trans_x,0.25,0,0.0025,2627583,0.005,32,1,0.9887,0.917731,0.795918,0.944444,0.63852,34.9381,0.0111545,37.4342,0.282679,0.0167906,0,nan,34.7484,0.243624,0.34217,34.9327,29.6723
0,trans_x,0.5,0,0.005,2627583,0.005,32,1,0.987636,0.901008,0.761905,0.928571,0.638312,32.1251,0.0164297,34.7015,0.287163,0.0218398,0,nan,31.9859,0.2432,0.342436,32.1193,29.6694
0,trans_x,1,0,0.01,2627583,0.005,32,1,0.985305,0.899582,0.764706,0.928571,0.637682,28.9871,0.0251942,31.3932,0.296456,0.0277967,0,nan,28.9203,0.242491,0.343021,28.9806,29.6622
0,trans_x,2,0,0.02,2627583,0.005,32,1,0.980683,0.883747,0.727273,0.923077,0.636279,25.7896,0.0375506,28.0355,0.309972,0.0443111,0,nan,25.7417,0.240604,0.343787,25.782,29.6447
0,trans_x,4,0,0.04,2627583,0.005,32,1,0.971347,0.860052,0.6875,0.909091,0.633065,22.6916,0.0625138,24.8157,0.336639,0.0726998,0,nan,22.6661,0.236717,0.345538,22.6812,29.605
0,trans_x,8,0,0.08,2627583,0.005,32,1,0.952767,0.811568,0.588235,0.869565,0.628015,20.0165,0.105933,22.0105,0.382399,0.12211,0,nan,20.0001,0.229404,0.347812,19.9987,29.5688
0,trans_z,0.25,0,0.0025,2627583,0.005,32,1,0.990031,0.856214,0.705882,0.875,0.639139,37.7092,0.00827374,37.6684,0.299291,0.0245971,1.78961e-06,2.38419e-07,37.2921,0.243707,0.341929,37.7037,29.6741
0,trans_z,0.5,0,0.005,2627583,0.005,32,1,0.990137,0.839892,0.666667,0.857143,0.639441,37.8027,0.0082625,37.7657,0.295652,0.0279702,1.6966e-06,2.38419e-07,37.1559,0.243145,0.3419,37.791,29.6778
0,trans_z,1,0,0.01,2627583,0.005,32,1,0.990384,0.839562,0.666667,0.862069,0.63964,35.6486,0.0120425,35.6095,0.295809,0.0306596,1.78354e-06,2.38419e-07,35.2189,0.241693,0.341668,35.6346,29.6719
0,trans_z,2,0,0.02,2627583,0.005,32,1,0.990785,0.836516,0.666667,0.857143,0.641602,34.8897,0.0147617,34.8611,0.302666,0.0343118,8.38562e-07,0,34.4319,0.2399,0.341708,34.8639,29.6815
0,trans_z,4,0,0.04,2627583,0.005,32,1,0.991625,0.825266,0.645161,0.85,0.643853,31.7084,0.0215467,31.7193,0.315467,0.0444028,1.21017e-07,0,31.4349,0.235249,0.341733,31.6786,29.6853
0,trans_z,8,0,0.08,2627583,0.005,32,1,0.993383,0.807844,0.619048,0.833333,0.648321,28.3826,0.0360797,28.4288,0.334361,0.0602544,1.82529e-06,2.38419e-07,28.2533,0.226021,0.341165,28.3457,29.6915
40,rot_yaw,0.1,0.0989517,0,2627583,0.005,32,1,0.997123,0.905242,0.785714,0.923077,0.565453,36.5264,0.00953103,40.718,0.23504,0.0157213,0.000564528,1.87159e-05,36.3434,0.176825,0.328928,36.5264,29.3474
40,rot_yaw,0.25,0.249583,0,2627583,0.005,32,1,0.993335,0.87057,0.722222,0.888889,0.56577,31.7302,0.0169421,39.7026,0.244,0.0234984,0.00145481,4.94719e-05,31.6255,0.176425,0.329184,31.7302,29.3486
40,rot_yaw,0.5,0.499791,0,2627583,0.005,32,1,0.988009,0.856937,0.703704,0.875,0.566294,28.9411,0.0226405,39.0226,0.255135,0.0328597,0.00281834,9.2864e-05,28.8757,0.175776,0.329157,28.9411,29.3509
40,rot_yaw,1,0.999896,0,2627583,0.005,32,1,0.977375,0.864439,0.714286,0.882353,0.567032,25.9089,0.0291622,39.8514,0.259174,0.0404055,0.00553035,0.000187635,25.8742,0.174337,0.329269,25.9089,29.3554
40,rot_yaw,2,1.99995,0,2627583,0.005,32,1,0.956377,0.850751,0.7,0.869565,0.567832,22.7431,0.048608,38.6987,0.278178,0.0638341,0.0107416,0.000357866,22.7212,0.171368,0.329706,22.7431,29.345
40,rot_yaw,4,3.99997,0,2627583,0.005,32,1,0.917485,0.841162,0.689655,0.857143,0.567477,19.8152,0.0873204,38.2415,0.311879,0.104728,0.0208599,0.000666857,19.7989,0.16576,0.330251,19.8152,29.3401
40,rot_pitch,0.1,0.0989517,0,2627583,0.005,32,1,0.996266,0.888447,0.764706,0.904762,0.565874,32.913,0.00940807,41.7402,0.214882,0.0139507,0.000365323,1.20401e-05,32.8259,0.176832,0.328808,32.913,29.3485
40,rot_pitch,0.25,0.249583,0,2627583,0.005,32,1,0.992244,0.859901,0.714286,0.875,0.566485,29.0613,0.0210862,38.4154,0.265846,0.0308551,0.000896301,3.02792e-05,29.0075,0.176512,0.32913,29.0613,29.3487
40,rot_pitch,0.5,0.499791,0,2627583,0.005,32,1,0.985866,0.846018,0.6875,0.863636,0.567243,25.9035,0.0312989,36.3652,0.265938,0.046089,0.00174826,5.8651e-05,25.8698,0.175962,0.328968,25.9035,29.3499
40,rot_pitch,1,0.999896,0,2627583,0.005,32,1,0.973103,0.867577,0.72,0.888889,0.569109,23.3849,0.0358828,40.1651,0.259027,0.0436171,0.00337049,0.000114918,23.3679,0.174872,0.329289,23.3849,29.3473
40,rot_pitch,2,1.99995,0,2627583,0.005,32,1,0.948903,0.85407,0.7,0.875,0.572465,20.5055,0.0567636,39.8162,0.27783,0.0687071,0.00677335,0.000238895,20.4945,0.172712,0.330258,20.5055,29.3464
40,rot_pitch,4,3.99997,0,2627583,0.005,32,1,0.899816,0.84271,0.6875,0.857143,0.580154,17.0798,0.105926,37.2792,0.331881,0.125352,0.0132215,0.000473022,17.0727,0.167955,0.331035,17.0798,29.343
40,trans_x,0.25,0,0.0025,2627583,0.005,32,1,0.997185,0.911769,0.785714,0.9375,0.565323,35.8551,0.0118208,39.2467,0.234361,0.0164693,0,nan,35.5485,0.176721,0.328992,35.8561,29.3463
40,trans_x,0.5,0,0.005,2627583,0.005,32,1,0.995925,0.914518,0.785714,0.944444,0.565481,32.5323,0.0218503,35.4404,0.241895,0.021837,0,nan,32.3835,0.176322,0.329473,32.5327,29.3473
40,trans_x,1,0,0.01,2627583,0.005,32,1,0.993237,0.899379,0.75,0.9375,0.565809,29.2733,0.0354176,31.918,0.253329,0.0318537,0,nan,29.1792,0.175775,0.330554,29.2733,29.349
40,trans_x,2,0,0.02,2627583,0.005,32,1,0.987804,0.880814,0.714286,0.928571,0.566785,26.0685,0.0551498,28.4653,0.273502,0.0514273,0,nan,26.0173,0.174541,0.332321,26.0673,29.3554
40,trans_x,4,0,0.04,2627583,0.005,32,1,0.976991,0.847809,0.636364,0.909091,0.567784,22.9939,0.08572,25.3861,0.306756,0.0858813,0,nan,22.9653,0.171805,0.334718,22.9905,29.3535
40,trans_x,8,0,0.08,2627583,0.005,32,1,0.9556,0.788503,0.47619,0.863636,0.56762,20.0621,0.134013,22.4658,0.363716,0.145762,0,nan,20.0412,0.166268,0.337571,20.0539,29.3393
40,trans_z,0.25,0,0.0025,2627583,0.005,32,1,0.998663,0.868719,0.714286,0.888889,0.56592,39.4997,0.00854275,39.4944,0.24649,0.0206952,1.60281e-07,0,38.9538,0.17677,0.328715,39.4854,29.3516
40,trans_z,0.5,0,0.005,2627583,0.005,32,1,0.998661,0.856746,0.7,0.875,0.566284,39.5918,0.00944047,39.5874,0.243875,0.0211881,1.68808e-07,0,38.7367,0.176253,0.328788,39.5616,29.3529
40,trans_z,1,0,0.01,2627583,0.005,32,1,0.998687,0.853095,0.692308,0.875,0.566418,37.466,0.0125241,37.4608,0.249513,0.0264172,1.53342e-06,0,36.7685,0.175176,0.328564,37.426,29.3503
40,trans_z,2,0,0.02,2627583,0.005,32,1,0.998733,0.84864,0.677419,0.875,0.567147,35.7648,0.0175465,35.7618,0.256085,0.0314976,8.27087e-07,0,35.1997,0.173269,0.328935,35.7023,29.3497
40,trans_z,4,0,0.04,2627583,0.005,32,1,0.998857,0.835112,0.65,0.869565,0.570564,31.4511,0.0325448,31.4497,0.270684,0.0437833,6.4432e-07,0,31.2184,0.168979,0.329599,31.3926,29.3575
40,trans_z,8,0,0.08,2627583,0.005,32,1,0.998923,0.81317,0.608696,0.852941,0.574964,28.2829,0.0486962,28.282,0.291531,0.0617294,5.13081e-07,0,28.167,0.160238,0.329638,28.2074,29.3616
0,traj,1,0.864108,0.0165088,2627583,0.005,32,1,0.985277,0.825481,0.65,0.85,0.640866,27.9914,0.0338816,30.0062,0.312197,0.0462276,0.00441597,0.000164747,27.8875,0.238409,0.342949,27.9955,29.6926
0,traj,2,0.880507,0.0165088,2627583,0.005,32,1,0.986762,0.826319,0.65,0.851852,0.637131,27.8936,0.0344357,29.8974,0.309753,0.0458375,0.0043726,0.00016886,27.7909,0.235203,0.342291,27.8977,29.7131
0,traj,3,0.89699,0.0165088,2627583,0.005,32,1,0.98805,0.827294,0.652174,0.851852,0.636959,28.0686,0.0351186,29.8926,0.308209,0.0450931,0.00448444,0.000159144,27.9595,0.232129,0.341611,28.073,29.7436
0,traj,4,0.913527,0.0165088,2627583,0.005,32,1,0.988508,0.829226,0.655172,0.857143,0.63376,27.9974,0.0363553,29.8819,0.306552,0.0445598,0.00445701,0.000161409,27.8973,0.228617,0.341177,28.002,29.7524
0,traj,5,0.93009,0.0165088,2627583,0.005,32,1,0.989032,0.829217,0.655172,0.857143,0.631543,27.7791,0.0358044,29.8729,0.305955,0.0447801,0.004543,0.00016284,27.6841,0.225303,0.340617,27.7834,29.7674
